data,paliwo,cena_netto_pln_m3
2026-06-05,Pb95,5259.0
2026-06-05,ONEkodiesel,5698.0
2026-06-05,Pb98,5837.0
2026-06-04,Pb95,5259.0
2026-06-04,ONEkodiesel,5698.0
2026-06-04,Pb98,5837.0
2026-06-03,Pb98,5734.0
2026-06-03,Pb95,5203.0
2026-06-03,ONEkodiesel,5628.0
2026-06-02,Pb98,5755.0
2026-06-02,ONEkodiesel,5628.0
2026-06-02,Pb95,5207.0
2026-06-01,Pb98,5757.0
2026-06-01,Pb95,5207.0
2026-06-01,ONEkodiesel,5500.0
2026-05-31,Pb98,5757.0
2026-05-31,Pb95,5207.0
2026-05-31,ONEkodiesel,5500.0
2026-05-30,ONEkodiesel,5500.0
2026-05-30,Pb98,5757.0
2026-05-30,Pb95,5207.0
2026-05-29,ONEkodiesel,5577.0
2026-05-29,Pb95,5305.0
2026-05-29,Pb98,5844.0
2026-05-28,ONEkodiesel,5599.0
2026-05-28,Pb95,5406.0
2026-05-28,Pb98,5937.0
2026-05-27,ONEkodiesel,5793.0
2026-05-27,Pb95,5548.0
2026-05-27,Pb98,6058.0
2026-05-26,ONEkodiesel,5950.0
2026-05-26,Pb98,6145.0
2026-05-26,Pb95,5642.0
2026-05-25,ONEkodiesel,5950.0
2026-05-25,Pb95,5642.0
2026-05-25,Pb98,6145.0
2026-05-24,Pb98,6145.0
2026-05-24,ONEkodiesel,5950.0
2026-05-24,Pb95,5642.0
2026-05-23,Pb95,5642.0
2026-05-23,Pb98,6145.0
2026-05-23,ONEkodiesel,5950.0
2026-05-22,ONEkodiesel,6051.0
2026-05-22,Pb98,6179.0
2026-05-22,Pb95,5683.0
2026-05-21,Pb95,5700.0
2026-05-21,Pb98,6235.0
2026-05-21,ONEkodiesel,6106.0
2026-05-20,Pb95,5723.0
2026-05-20,Pb98,6237.0
2026-05-20,ONEkodiesel,6156.0
2026-05-19,Pb95,5741.0
2026-05-19,Pb98,6252.0
2026-05-19,ONEkodiesel,6187.0
2026-05-18,Pb98,6155.0
2026-05-18,ONEkodiesel,6047.0
2026-05-18,Pb95,5644.0
2026-05-17,Pb98,6155.0
2026-05-17,ONEkodiesel,6047.0
2026-05-17,Pb95,5644.0
2026-05-16,Pb98,6155.0
2026-05-16,Pb95,5644.0
2026-05-16,ONEkodiesel,6047.0
2026-05-15,ONEkodiesel,6018.0
2026-05-15,Pb95,5601.0
2026-05-15,Pb98,6117.0
2026-05-14,ONEkodiesel,6049.0
2026-05-14,Pb95,5623.0
2026-05-14,Pb98,6161.0
2026-05-13,ONEkodiesel,6112.0
2026-05-13,Pb95,5616.0
2026-05-13,Pb98,6166.0
2026-05-12,Pb95,5521.0
2026-05-12,Pb98,6063.0
2026-05-12,ONEkodiesel,6034.0
2026-05-11,Pb98,6010.0
2026-05-11,Pb95,5535.0
2026-05-11,ONEkodiesel,6119.0
2026-05-10,Pb98,6010.0
2026-05-10,Pb95,5535.0
2026-05-10,ONEkodiesel,6119.0
2026-05-09,Pb98,6010.0
2026-05-09,ONEkodiesel,6119.0
2026-05-09,Pb95,5535.0
2026-05-08,Pb95,5585.0
2026-05-08,Pb98,6049.0
2026-05-08,ONEkodiesel,6217.0
2026-05-07,Pb95,5638.0
2026-05-07,Pb98,6095.0
2026-05-07,ONEkodiesel,6342.0
2026-05-06,Pb98,6138.0
2026-05-06,Pb95,5686.0
2026-05-06,ONEkodiesel,6426.0
2026-05-05,Pb95,5708.0
2026-05-05,ONEkodiesel,6465.0
2026-05-05,Pb98,6168.0
2026-05-04,Pb95,5708.0
2026-05-04,ONEkodiesel,6465.0
2026-05-04,Pb98,6168.0
2026-05-03,Pb95,5708.0
2026-05-03,ONEkodiesel,6465.0
2026-05-03,Pb98,6168.0
2026-05-02,ONEkodiesel,6465.0
2026-05-02,Pb98,6168.0
2026-05-02,Pb95,5708.0
2026-05-01,Pb98,6168.0
2026-05-01,Pb95,5681.0
2026-05-01,ONEkodiesel,6465.0
2026-04-30,Pb98,6143.0
2026-04-30,Pb95,5681.0
2026-04-30,ONEkodiesel,6470.0
2026-04-29,ONEkodiesel,6311.0
2026-04-29,Pb95,5513.0
2026-04-29,Pb98,5966.0
2026-04-28,ONEkodiesel,6384.0
2026-04-28,Pb95,5468.0
2026-04-28,Pb98,5930.0
2026-04-27,Pb95,5448.0
2026-04-27,Pb98,5922.0
2026-04-27,ONEkodiesel,6296.0
2026-04-26,ONEkodiesel,6296.0
2026-04-26,Pb95,5448.0
2026-04-26,Pb98,5922.0
2026-04-25,Pb95,5448.0
2026-04-25,Pb98,5922.0
2026-04-25,ONEkodiesel,6296.0
2026-04-24,ONEkodiesel,6187.0
2026-04-24,Pb95,5416.0
2026-04-24,Pb98,5917.0
2026-04-23,Pb95,5284.0
2026-04-23,Pb98,5832.0
2026-04-23,ONEkodiesel,5989.0
2026-04-22,Pb95,5233.0
2026-04-22,Pb98,5777.0
2026-04-22,ONEkodiesel,5916.0
2026-04-21,Pb95,5212.0
2026-04-21,ONEkodiesel,5953.0
2026-04-21,Pb98,5723.0
2026-04-20,ONEkodiesel,6104.0
2026-04-20,Pb98,5753.0
2026-04-20,Pb95,5252.0
2026-04-19,Pb98,5753.0
2026-04-19,Pb95,5252.0
2026-04-19,ONEkodiesel,6104.0
2026-04-18,ONEkodiesel,6104.0
2026-04-18,Pb98,5753.0
2026-04-18,Pb95,5252.0
2026-04-17,Pb95,5287.0
2026-04-17,ONEkodiesel,6247.0
2026-04-17,Pb98,5787.0
2026-04-16,ONEkodiesel,6346.0
2026-04-16,Pb98,5800.0
2026-04-16,Pb95,5293.0
2026-04-15,Pb95,5408.0
2026-04-15,Pb98,5824.0
2026-04-15,ONEkodiesel,6398.0
2026-04-14,Pb98,5904.0
2026-04-14,ONEkodiesel,6565.0
2026-04-14,Pb95,5408.0
2026-04-13,Pb95,5365.0
2026-04-13,Pb98,5905.0
2026-04-13,ONEkodiesel,6720.0
2026-04-12,ONEkodiesel,6720.0
2026-04-12,Pb95,5365.0
2026-04-12,Pb98,5905.0
2026-04-11,Pb95,5365.0
2026-04-11,ONEkodiesel,6720.0
2026-04-11,Pb98,5905.0
2026-04-10,Pb95,5386.0
2026-04-10,ONEkodiesel,6810.0
2026-04-10,Pb98,5933.0
2026-04-09,ONEkodiesel,6803.0
2026-04-09,Pb95,5415.0
2026-04-09,Pb98,5972.0
2026-04-08,Pb98,6071.0
2026-04-08,ONEkodiesel,6950.0
2026-04-08,Pb95,5505.0
2026-04-07,Pb98,6016.0
2026-04-07,ONEkodiesel,6988.0
2026-04-07,Pb95,5450.0
2026-04-06,ONEkodiesel,6988.0
2026-04-06,Pb98,6016.0
2026-04-06,Pb95,5450.0
2026-04-05,ONEkodiesel,6988.0
2026-04-05,Pb98,6016.0
2026-04-05,Pb95,5450.0
2026-04-04,ONEkodiesel,6988.0
2026-04-04,Pb98,6016.0
2026-04-04,Pb95,5450.0
2026-04-03,Pb98,6016.0
2026-04-03,Pb95,5450.0
2026-04-03,ONEkodiesel,6988.0
2026-04-02,ONEkodiesel,6771.0
2026-04-02,Pb95,5433.0
2026-04-02,Pb98,6032.0
2026-04-01,Pb95,5466.0
2026-04-01,Pb98,6032.0
2026-04-01,ONEkodiesel,6782.0
2026-03-31,Pb98,6006.0
2026-03-31,ONEkodiesel,6796.0
2026-03-31,Pb95,5450.0
2026-03-30,Pb98,5978.0
2026-03-30,ONEkodiesel,6761.0
2026-03-30,Pb95,5424.0
2026-03-29,Pb95,5714.0
2026-03-29,ONEkodiesel,7041.0
2026-03-29,Pb98,6268.0
2026-03-28,ONEkodiesel,7041.0
2026-03-28,Pb98,6268.0
2026-03-28,Pb95,5714.0
2026-03-27,Pb98,6156.0
2026-03-27,Pb95,5611.0
2026-03-27,ONEkodiesel,6870.0
2026-03-26,Pb95,5626.0
2026-03-26,ONEkodiesel,6749.0
2026-03-26,Pb98,6177.0
2026-03-25,Pb98,6213.0
2026-03-25,Pb95,5658.0
2026-03-25,ONEkodiesel,7053.0
2026-03-24,Pb95,5688.0
2026-03-24,Pb98,6247.0
2026-03-24,ONEkodiesel,7171.0
2026-03-23,Pb98,6293.0
2026-03-23,ONEkodiesel,7258.0
2026-03-23,Pb95,5733.0
2026-03-22,Pb98,6293.0
2026-03-22,Pb95,5733.0
2026-03-22,ONEkodiesel,7258.0
2026-03-21,ONEkodiesel,7258.0
2026-03-21,Pb98,6293.0
2026-03-21,Pb95,5733.0
2026-03-20,Pb95,5739.0
2026-03-20,ONEkodiesel,6737.0
2026-03-20,Pb98,6302.0
2026-03-19,ONEkodiesel,6620.0
2026-03-19,Pb98,6201.0
2026-03-19,Pb95,5644.0
2026-03-18,ONEkodiesel,6565.0
2026-03-18,Pb95,5548.0
2026-03-18,Pb98,6103.0
2026-03-17,Pb95,5562.0
2026-03-17,Pb98,6121.0
2026-03-17,ONEkodiesel,6577.0
2026-03-16,Pb95,5513.0
2026-03-16,Pb98,6074.0
2026-03-16,ONEkodiesel,6495.0
2026-03-15,Pb98,6074.0
2026-03-15,Pb95,5513.0
2026-03-15,ONEkodiesel,6495.0
2026-03-14,Pb95,5513.0
2026-03-14,ONEkodiesel,6495.0
2026-03-14,Pb98,6074.0
2026-03-13,ONEkodiesel,6399.0
2026-03-13,Pb95,5401.0
2026-03-13,Pb98,5953.0
2026-03-12,ONEkodiesel,6192.0
2026-03-12,Pb95,5243.0
2026-03-12,Pb98,5790.0
2026-03-11,ONEkodiesel,6195.0
2026-03-11,Pb98,5726.0
2026-03-11,Pb95,5178.0
2026-03-10,Pb95,5272.0
2026-03-10,Pb98,5828.0
2026-03-10,ONEkodiesel,6359.0
2026-03-09,Pb98,5620.0
2026-03-09,ONEkodiesel,6300.0
2026-03-09,Pb95,5069.0
2026-03-08,Pb98,5620.0
2026-03-08,ONEkodiesel,6300.0
2026-03-08,Pb95,5069.0
2026-03-07,Pb98,5620.0
2026-03-07,ONEkodiesel,6300.0
2026-03-07,Pb95,5069.0
2026-03-06,ONEkodiesel,6150.0
2026-03-06,Pb95,5008.0
2026-03-06,Pb98,5553.0
2026-03-05,Pb95,4833.0
2026-03-05,Pb98,5366.0
2026-03-05,ONEkodiesel,5760.0
2026-03-04,Pb95,4789.0
2026-03-04,ONEkodiesel,5237.0
2026-03-04,Pb98,5317.0
2026-03-03,ONEkodiesel,5237.0
2026-03-03,Pb98,5127.0
2026-03-03,Pb95,4616.0
2026-03-02,ONEkodiesel,4809.0
2026-03-02,Pb98,4984.0
2026-03-02,Pb95,4466.0
2026-03-01,ONEkodiesel,4809.0
2026-03-01,Pb98,4984.0
2026-03-01,Pb95,4466.0
2026-02-28,ONEkodiesel,4809.0
2026-02-28,Pb98,4984.0
2026-02-28,Pb95,4466.0
2026-02-27,ONEkodiesel,4777.0
2026-02-27,Pb95,4473.0
2026-02-27,Pb98,4992.0
2026-02-26,Pb95,4460.0
2026-02-26,ONEkodiesel,4744.0
2026-02-26,Pb98,4979.0
2026-02-25,Pb98,4985.0
2026-02-25,ONEkodiesel,4765.0
2026-02-25,Pb95,4466.0
2026-02-24,Pb95,4472.0
2026-02-24,ONEkodiesel,4769.0
2026-02-24,Pb98,4990.0
2026-02-23,Pb95,4467.0
2026-02-23,ONEkodiesel,4768.0
2026-02-23,Pb98,4985.0
2026-02-22,Pb95,4467.0
2026-02-22,ONEkodiesel,4768.0
2026-02-22,Pb98,4985.0
2026-02-21,Pb98,4985.0
2026-02-21,Pb95,4467.0
2026-02-21,ONEkodiesel,4768.0
2026-02-20,Pb98,4918.0
2026-02-20,Pb95,4417.0
2026-02-20,ONEkodiesel,4743.0
2026-02-19,Pb98,4880.0
2026-02-19,ONEkodiesel,4597.0
2026-02-19,Pb95,4380.0
2026-02-18,Pb98,4811.0
2026-02-18,Pb95,4345.0
2026-02-18,ONEkodiesel,4569.0
2026-02-17,Pb95,4357.0
2026-02-17,ONEkodiesel,4577.0
2026-02-17,Pb98,4820.0
2026-02-16,Pb98,4828.0
2026-02-16,Pb95,4367.0
2026-02-16,ONEkodiesel,4583.0
2026-02-15,Pb95,4367.0
2026-02-15,ONEkodiesel,4583.0
2026-02-15,Pb98,4828.0
2026-02-14,Pb98,4828.0
2026-02-14,Pb95,4367.0
2026-02-14,ONEkodiesel,4583.0
2026-02-13,ONEkodiesel,4613.0
2026-02-13,Pb98,4837.0
2026-02-13,Pb95,4377.0
2026-02-12,ONEkodiesel,4613.0
2026-02-12,Pb98,4853.0
2026-02-12,Pb95,4393.0
2026-02-11,ONEkodiesel,4609.0
2026-02-11,Pb98,4848.0
2026-02-11,Pb95,4384.0
2026-02-10,Pb95,4390.0
2026-02-10,Pb98,4857.0
2026-02-10,ONEkodiesel,4620.0
2026-02-09,ONEkodiesel,4621.0
2026-02-09,Pb95,4370.0
2026-02-09,Pb98,4841.0
2026-02-08,Pb98,4841.0
2026-02-08,Pb95,4370.0
2026-02-08,ONEkodiesel,4621.0
2026-02-07,Pb98,4841.0
2026-02-07,Pb95,4370.0
2026-02-07,ONEkodiesel,4621.0
2026-02-06,Pb95,4364.0
2026-02-06,Pb98,4829.0
2026-02-06,ONEkodiesel,4608.0
2026-02-05,Pb95,4337.0
2026-02-05,Pb98,4799.0
2026-02-05,ONEkodiesel,4606.0
2026-02-04,ONEkodiesel,4631.0
2026-02-04,Pb98,4774.0
2026-02-04,Pb95,4309.0
2026-02-03,Pb98,4760.0
2026-02-03,Pb95,4300.0
2026-02-03,ONEkodiesel,4622.0
2026-02-02,ONEkodiesel,4654.0
2026-02-02,Pb95,4325.0
2026-02-02,Pb98,4787.0
2026-02-01,ONEkodiesel,4654.0
2026-02-01,Pb98,4787.0
2026-02-01,Pb95,4325.0
2026-01-31,Pb95,4325.0
2026-01-31,Pb98,4787.0
2026-01-31,ONEkodiesel,4654.0
2026-01-30,Pb98,4756.0
2026-01-30,Pb95,4299.0
2026-01-30,ONEkodiesel,4596.0
2026-01-29,Pb95,4265.0
2026-01-29,ONEkodiesel,4572.0
2026-01-29,Pb98,4727.0
2026-01-28,Pb95,4275.0
2026-01-28,ONEkodiesel,4564.0
2026-01-28,Pb98,4741.0
2026-01-27,Pb95,4277.0
2026-01-27,ONEkodiesel,4567.0
2026-01-27,Pb98,4744.0
2026-01-26,Pb95,4287.0
2026-01-26,ONEkodiesel,4586.0
2026-01-26,Pb98,4757.0
2026-01-25,ONEkodiesel,4586.0
2026-01-25,Pb98,4757.0
2026-01-25,Pb95,4287.0
2026-01-24,Pb98,4757.0
2026-01-24,ONEkodiesel,4586.0
2026-01-24,Pb95,4287.0
2026-01-23,Pb98,4760.0
2026-01-23,ONEkodiesel,4586.0
2026-01-23,Pb95,4289.0
2026-01-22,Pb95,4298.0
2026-01-22,Pb98,4770.0
2026-01-22,ONEkodiesel,4580.0
2026-01-21,Pb98,4745.0
2026-01-21,ONEkodiesel,4552.0
2026-01-21,Pb95,4250.0
2026-01-20,ONEkodiesel,4542.0
2026-01-20,Pb95,4250.0
2026-01-20,Pb98,4727.0
2026-01-19,Pb98,4724.0
2026-01-19,ONEkodiesel,4531.0
2026-01-19,Pb95,4251.0
2026-01-18,ONEkodiesel,4531.0
2026-01-18,Pb95,4251.0
2026-01-18,Pb98,4724.0
2026-01-17,Pb95,4251.0
2026-01-17,ONEkodiesel,4531.0
2026-01-17,Pb98,4724.0
2026-01-16,ONEkodiesel,4513.0
2026-01-16,Pb98,4728.0
2026-01-16,Pb95,4256.0
2026-01-15,ONEkodiesel,4559.0
2026-01-15,Pb95,4276.0
2026-01-15,Pb98,4750.0
2026-01-14,Pb95,4280.0
2026-01-14,ONEkodiesel,4486.0
2026-01-14,Pb98,4753.0
2026-01-13,Pb98,4723.0
2026-01-13,Pb95,4251.0
2026-01-13,ONEkodiesel,4448.0
2026-01-12,ONEkodiesel,4444.0
2026-01-12,Pb98,4723.0
2026-01-12,Pb95,4251.0
2026-01-11,ONEkodiesel,4444.0
2026-01-11,Pb98,4723.0
2026-01-11,Pb95,4251.0
2026-01-10,ONEkodiesel,4444.0
2026-01-10,Pb95,4251.0
2026-01-10,Pb98,4723.0
2026-01-09,Pb95,4211.0
2026-01-09,ONEkodiesel,4416.0
2026-01-09,Pb98,4675.0
2026-01-08,ONEkodiesel,4400.0
2026-01-08,Pb95,4213.0
2026-01-08,Pb98,4660.0
2026-01-07,ONEkodiesel,4449.0
2026-01-07,Pb95,4230.0
2026-01-07,Pb98,4670.0
2026-01-06,Pb98,4670.0
2026-01-06,ONEkodiesel,4449.0
2026-01-06,Pb95,4230.0
2026-01-05,Pb98,4666.0
2026-01-05,ONEkodiesel,4466.0
2026-01-05,Pb95,4224.0
2026-01-04,Pb98,4666.0
2026-01-04,ONEkodiesel,4466.0
2026-01-04,Pb95,4224.0
2026-01-03,Pb98,4666.0
2026-01-03,Pb95,4224.0
2026-01-03,ONEkodiesel,4466.0
2026-01-02,ONEkodiesel,4476.0
2026-01-02,Pb95,4234.0
2026-01-02,Pb98,4676.0
2026-01-01,Pb95,4234.0
2026-01-01,Pb98,4676.0
2026-01-01,ONEkodiesel,4476.0
2025-12-31,Pb98,4689.0
2025-12-31,ONEkodiesel,4529.0
2025-12-31,Pb95,4222.0
2025-12-30,Pb98,4696.0
2025-12-30,ONEkodiesel,4529.0
2025-12-30,Pb95,4228.0
2025-12-29,ONEkodiesel,4517.0
2025-12-29,Pb95,4223.0
2025-12-29,Pb98,4690.0
2025-12-28,Pb95,4223.0
2025-12-28,Pb98,4690.0
2025-12-28,ONEkodiesel,4517.0
2025-12-27,Pb98,4690.0
2025-12-27,ONEkodiesel,4517.0
2025-12-27,Pb95,4223.0
2025-12-26,Pb98,4690.0
2025-12-26,ONEkodiesel,4517.0
2025-12-26,Pb95,4223.0
2025-12-25,Pb98,4690.0
2025-12-25,ONEkodiesel,4517.0
2025-12-25,Pb95,4223.0
2025-12-24,Pb95,4223.0
2025-12-24,ONEkodiesel,4517.0
2025-12-24,Pb98,4690.0
2025-12-23,Pb95,4220.0
2025-12-23,Pb98,4688.0
2025-12-23,ONEkodiesel,4491.0
2025-12-22,Pb95,4172.0
2025-12-22,Pb98,4640.0
2025-12-22,ONEkodiesel,4467.0
2025-12-21,Pb98,4640.0
2025-12-21,Pb95,4172.0
2025-12-21,ONEkodiesel,4467.0
2025-12-20,Pb95,4172.0
2025-12-20,ONEkodiesel,4467.0
2025-12-20,Pb98,4640.0
2025-12-19,ONEkodiesel,4488.0
2025-12-19,Pb98,4648.0
2025-12-19,Pb95,4178.0
2025-12-18,ONEkodiesel,4502.0
2025-12-18,Pb98,4668.0
2025-12-18,Pb95,4195.0
2025-12-17,ONEkodiesel,4524.0
2025-12-17,Pb98,4730.0
2025-12-17,Pb95,4221.0
2025-12-16,Pb98,4730.0
2025-12-16,ONEkodiesel,4549.0
2025-12-16,Pb95,4251.0
2025-12-15,Pb95,4276.0
2025-12-15,Pb98,4758.0
2025-12-15,ONEkodiesel,4574.0
2025-12-14,Pb95,4276.0
2025-12-14,Pb98,4758.0
2025-12-14,ONEkodiesel,4574.0
2025-12-13,ONEkodiesel,4574.0
2025-12-13,Pb95,4276.0
2025-12-13,Pb98,4758.0
2025-12-12,Pb98,4782.0
2025-12-12,ONEkodiesel,4604.0
2025-12-12,Pb95,4297.0
2025-12-11,ONEkodiesel,4621.0
2025-12-11,Pb95,4313.0
2025-12-11,Pb98,4799.0
2025-12-10,ONEkodiesel,4631.0
2025-12-10,Pb98,4817.0
2025-12-10,Pb95,4329.0
2025-12-09,ONEkodiesel,4654.0
2025-12-09,Pb98,4829.0
2025-12-09,Pb95,4338.0
2025-12-08,Pb98,4848.0
2025-12-08,ONEkodiesel,4676.0
2025-12-08,Pb95,4354.0
2025-12-07,ONEkodiesel,4676.0
2025-12-07,Pb98,4848.0
2025-12-07,Pb95,4354.0
2025-12-06,Pb98,4848.0
2025-12-06,ONEkodiesel,4676.0
2025-12-06,Pb95,4354.0
2025-12-05,Pb98,4868.0
2025-12-05,ONEkodiesel,4672.0
2025-12-05,Pb95,4375.0
2025-12-04,ONEkodiesel,4687.0
2025-12-04,Pb98,4887.0
2025-12-04,Pb95,4395.0
2025-12-03,Pb98,4893.0
2025-12-03,ONEkodiesel,4705.0
2025-12-03,Pb95,4404.0
2025-12-02,Pb95,4421.0
2025-12-02,ONEkodiesel,4707.0
2025-12-02,Pb98,4911.0
2025-12-01,Pb95,4441.0
2025-12-01,ONEkodiesel,4734.0
2025-12-01,Pb98,4927.0
2025-11-30,ONEkodiesel,4734.0
2025-11-30,Pb98,4927.0
2025-11-30,Pb95,4441.0
2025-11-29,ONEkodiesel,4734.0
2025-11-29,Pb98,4927.0
2025-11-29,Pb95,4441.0
2025-11-28,Pb98,4914.0
2025-11-28,Pb95,4430.0
2025-11-28,ONEkodiesel,4772.0
2025-11-27,Pb95,4424.0
2025-11-27,ONEkodiesel,4832.0
2025-11-27,Pb98,4898.0
2025-11-26,Pb95,4449.0
2025-11-26,ONEkodiesel,4910.0
2025-11-26,Pb98,4917.0
2025-11-25,Pb95,4487.0
2025-11-25,Pb98,4953.0
2025-11-25,ONEkodiesel,4955.0
2025-11-24,Pb98,4981.0
2025-11-24,ONEkodiesel,4986.0
2025-11-24,Pb95,4516.0
2025-11-23,Pb98,4981.0
2025-11-23,ONEkodiesel,4986.0
2025-11-23,Pb95,4516.0
2025-11-22,Pb95,4516.0
2025-11-22,ONEkodiesel,4986.0
2025-11-22,Pb98,4981.0
2025-11-21,ONEkodiesel,5020.0
2025-11-21,Pb98,5001.0
2025-11-21,Pb95,4537.0
2025-11-20,Pb95,4554.0
2025-11-20,ONEkodiesel,5042.0
2025-11-20,Pb98,5026.0
2025-11-19,Pb95,4557.0
2025-11-19,Pb98,5030.0
2025-11-19,ONEkodiesel,5025.0
2025-11-18,ONEkodiesel,4886.0
2025-11-18,Pb95,4567.0
2025-11-18,Pb98,5042.0
2025-11-17,Pb98,5042.0
2025-11-17,Pb95,4566.0
2025-11-17,ONEkodiesel,4890.0
2025-11-16,ONEkodiesel,4890.0
2025-11-16,Pb95,4566.0
2025-11-16,Pb98,5042.0
2025-11-15,ONEkodiesel,4890.0
2025-11-15,Pb98,5042.0
2025-11-15,Pb95,4566.0
2025-11-14,ONEkodiesel,4854.0
2025-11-14,Pb98,5046.0
2025-11-14,Pb95,4571.0
2025-11-13,Pb98,5031.0
2025-11-13,Pb95,4572.0
2025-11-13,ONEkodiesel,4875.0
2025-11-12,ONEkodiesel,4873.0
2025-11-12,Pb98,4990.0
2025-11-12,Pb95,4541.0
2025-11-11,ONEkodiesel,4873.0
2025-11-11,Pb98,4990.0
2025-11-11,Pb95,4541.0
2025-11-10,Pb95,4541.0
2025-11-10,Pb98,4990.0
2025-11-10,ONEkodiesel,4873.0
2025-11-09,ONEkodiesel,4873.0
2025-11-09,Pb98,4990.0
2025-11-09,Pb95,4541.0
2025-11-08,ONEkodiesel,4873.0
2025-11-08,Pb95,4541.0
2025-11-08,Pb98,4990.0
2025-11-07,ONEkodiesel,4869.0
2025-11-07,Pb98,4961.0
2025-11-07,Pb95,4515.0
2025-11-06,Pb98,4957.0
2025-11-06,Pb95,4510.0
2025-11-06,ONEkodiesel,4828.0
2025-11-05,Pb98,4946.0
2025-11-05,Pb95,4500.0
2025-11-05,ONEkodiesel,4788.0
2025-11-04,Pb98,4959.0
2025-11-04,ONEkodiesel,4799.0
2025-11-04,Pb95,4518.0
2025-11-03,Pb95,4480.0
2025-11-03,Pb98,4929.0
2025-11-03,ONEkodiesel,4771.0
2025-11-02,ONEkodiesel,4771.0
2025-11-02,Pb98,4929.0
2025-11-02,Pb95,4480.0
2025-11-01,ONEkodiesel,4771.0
2025-11-01,Pb98,4929.0
2025-11-01,Pb95,4480.0
2025-10-31,ONEkodiesel,4782.0
2025-10-31,Pb98,4889.0
2025-10-31,Pb95,4492.0
2025-10-30,Pb98,4895.0
2025-10-30,ONEkodiesel,4771.0
2025-10-30,Pb95,4506.0
2025-10-29,Pb95,4513.0
2025-10-29,ONEkodiesel,4774.0
2025-10-29,Pb98,4895.0
2025-10-28,Pb98,4904.0
2025-10-28,ONEkodiesel,4799.0
2025-10-28,Pb95,4508.0
2025-10-27,ONEkodiesel,4735.0
2025-10-27,Pb98,4914.0
2025-10-27,Pb95,4507.0
2025-10-26,ONEkodiesel,4735.0
2025-10-26,Pb98,4914.0
2025-10-26,Pb95,4507.0
2025-10-25,ONEkodiesel,4735.0
2025-10-25,Pb98,4914.0
2025-10-25,Pb95,4507.0
2025-10-24,ONEkodiesel,4649.0
2025-10-24,Pb98,4903.0
2025-10-24,Pb95,4470.0
2025-10-23,Pb98,4860.0
2025-10-23,Pb95,4433.0
2025-10-23,ONEkodiesel,4527.0
2025-10-22,Pb95,4425.0
2025-10-22,ONEkodiesel,4512.0
2025-10-22,Pb98,4882.0
2025-10-21,Pb95,4454.0
2025-10-21,ONEkodiesel,4506.0
2025-10-21,Pb98,4898.0
2025-10-20,Pb95,4497.0
2025-10-20,ONEkodiesel,4505.0
2025-10-20,Pb98,4915.0
2025-10-19,Pb98,4915.0
2025-10-19,ONEkodiesel,4505.0
2025-10-19,Pb95,4497.0
2025-10-18,ONEkodiesel,4505.0
2025-10-18,Pb95,4497.0
2025-10-18,Pb98,4915.0
2025-10-17,Pb98,4934.0
2025-10-17,Pb95,4518.0
2025-10-17,ONEkodiesel,4523.0
2025-10-16,Pb98,4941.0
2025-10-16,Pb95,4522.0
2025-10-16,ONEkodiesel,4524.0
2025-10-15,Pb98,4932.0
2025-10-15,ONEkodiesel,4570.0
2025-10-15,Pb95,4505.0
2025-10-14,ONEkodiesel,4608.0
2025-10-14,Pb95,4502.0
2025-10-14,Pb98,4934.0
2025-10-13,ONEkodiesel,4613.0
2025-10-13,Pb98,4935.0
2025-10-13,Pb95,4503.0
2025-10-12,Pb95,4503.0
2025-10-12,Pb98,4935.0
2025-10-12,ONEkodiesel,4613.0
2025-10-11,ONEkodiesel,4613.0
2025-10-11,Pb98,4935.0
2025-10-11,Pb95,4503.0
2025-10-10,Pb98,4931.0
2025-10-10,Pb95,4527.0
2025-10-10,ONEkodiesel,4632.0
2025-10-09,Pb95,4508.0
2025-10-09,ONEkodiesel,4605.0
2025-10-09,Pb98,4931.0
2025-10-08,Pb98,4916.0
2025-10-08,ONEkodiesel,4585.0
2025-10-08,Pb95,4506.0
2025-10-07,ONEkodiesel,4605.0
2025-10-07,Pb98,4918.0
2025-10-07,Pb95,4506.0
2025-10-06,ONEkodiesel,4612.0
2025-10-06,Pb98,4934.0
2025-10-06,Pb95,4512.0
2025-10-05,Pb95,4512.0
2025-10-05,ONEkodiesel,4612.0
2025-10-05,Pb98,4934.0
2025-10-04,Pb98,4934.0
2025-10-04,Pb95,4512.0
2025-10-04,ONEkodiesel,4612.0
2025-10-03,ONEkodiesel,4641.0
2025-10-03,Pb98,4960.0
2025-10-03,Pb95,4531.0
2025-10-02,Pb98,4980.0
2025-10-02,ONEkodiesel,4719.0
2025-10-02,Pb95,4547.0
2025-10-01,ONEkodiesel,4680.0
2025-10-01,Pb98,4998.0
2025-10-01,Pb95,4559.0
2025-09-30,ONEkodiesel,4753.0
2025-09-30,Pb98,5016.0
2025-09-30,Pb95,4574.0
2025-09-29,Pb95,4591.0
2025-09-29,Pb98,5034.0
2025-09-29,ONEkodiesel,4800.0
2025-09-28,ONEkodiesel,4800.0
2025-09-28,Pb98,5034.0
2025-09-28,Pb95,4591.0
2025-09-27,Pb98,5034.0
2025-09-27,Pb95,4591.0
2025-09-27,ONEkodiesel,4732.0
2025-09-26,ONEkodiesel,4732.0
2025-09-26,Pb95,4507.0
2025-09-26,Pb98,4942.0
2025-09-25,Pb95,4512.0
2025-09-25,Pb98,4941.0
2025-09-25,ONEkodiesel,4697.0
2025-09-24,ONEkodiesel,4682.0
2025-09-24,Pb98,4941.0
2025-09-24,Pb95,4506.0
2025-09-23,Pb98,4949.0
2025-09-23,ONEkodiesel,4678.0
2025-09-23,Pb95,4513.0
2025-09-22,Pb98,4962.0
2025-09-22,ONEkodiesel,4689.0
2025-09-22,Pb95,4523.0
2025-09-21,ONEkodiesel,4689.0
2025-09-21,Pb95,4523.0
2025-09-21,Pb98,4962.0
2025-09-20,Pb95,4523.0
2025-09-20,Pb98,4962.0
2025-09-20,ONEkodiesel,4689.0
2025-09-19,Pb95,4532.0
2025-09-19,ONEkodiesel,4690.0
2025-09-19,Pb98,4971.0
2025-09-18,ONEkodiesel,4681.0
2025-09-18,Pb98,4978.0
2025-09-18,Pb95,4536.0
2025-09-17,ONEkodiesel,4678.0
2025-09-17,Pb95,4529.0
2025-09-17,Pb98,4976.0
2025-09-16,ONEkodiesel,4664.0
2025-09-16,Pb98,4976.0
2025-09-16,Pb95,4522.0
2025-09-15,Pb95,4507.0
2025-09-15,ONEkodiesel,4657.0
2025-09-15,Pb98,4971.0
2025-09-14,Pb95,4507.0
2025-09-14,ONEkodiesel,4657.0
2025-09-14,Pb98,4971.0
2025-09-13,Pb95,4507.0
2025-09-13,Pb98,4971.0
2025-09-13,ONEkodiesel,4657.0
2025-09-12,Pb95,4492.0
2025-09-12,Pb98,4971.0
2025-09-12,ONEkodiesel,4641.0
2025-09-11,Pb98,4988.0
2025-09-11,ONEkodiesel,4686.0
2025-09-11,Pb95,4536.0
2025-09-10,Pb98,4955.0
2025-09-10,ONEkodiesel,4678.0
2025-09-10,Pb95,4508.0
2025-09-09,Pb98,4952.0
2025-09-09,Pb95,4457.0
2025-09-09,ONEkodiesel,4650.0
2025-09-08,Pb98,4960.0
2025-09-08,ONEkodiesel,4639.0
2025-09-08,Pb95,4442.0
2025-09-07,ONEkodiesel,4639.0
2025-09-07,Pb95,4442.0
2025-09-07,Pb98,4960.0
2025-09-06,Pb95,4442.0
2025-09-06,Pb98,4960.0
2025-09-06,ONEkodiesel,4639.0
2025-09-05,Pb95,4503.0
2025-09-05,Pb98,4996.0
2025-09-05,ONEkodiesel,4677.0
2025-09-04,Pb98,4986.0
2025-09-04,ONEkodiesel,4664.0
2025-09-04,Pb95,4490.0
2025-09-03,ONEkodiesel,4647.0
2025-09-03,Pb95,4480.0
2025-09-03,Pb98,4967.0
2025-09-02,ONEkodiesel,4628.0
2025-09-02,Pb95,4469.0
2025-09-02,Pb98,4930.0
2025-09-01,Pb95,4463.0
2025-09-01,Pb98,4938.0
2025-09-01,ONEkodiesel,4624.0
2025-08-31,ONEkodiesel,4624.0
2025-08-31,Pb95,4463.0
2025-08-31,Pb98,4938.0
2025-08-30,Pb98,4938.0
2025-08-30,ONEkodiesel,4624.0
2025-08-30,Pb95,4463.0
2025-08-29,Pb98,4928.0
2025-08-29,ONEkodiesel,4628.0
2025-08-29,Pb95,4472.0
2025-08-28,ONEkodiesel,4630.0
2025-08-28,Pb95,4478.0
2025-08-28,Pb98,4937.0
2025-08-27,Pb98,4933.0
2025-08-27,ONEkodiesel,4614.0
2025-08-27,Pb95,4476.0
2025-08-26,Pb98,4956.0
2025-08-26,ONEkodiesel,4610.0
2025-08-26,Pb95,4499.0
2025-08-25,ONEkodiesel,4610.0
2025-08-25,Pb95,4499.0
2025-08-25,Pb98,4956.0
2025-08-24,ONEkodiesel,4610.0
2025-08-24,Pb95,4499.0
2025-08-24,Pb98,4956.0
2025-08-23,Pb95,4499.0
2025-08-23,Pb98,4956.0
2025-08-23,ONEkodiesel,4610.0
2025-08-22,ONEkodiesel,4571.0
2025-08-22,Pb95,4473.0
2025-08-22,Pb98,4928.0
2025-08-21,ONEkodiesel,4554.0
2025-08-21,Pb95,4455.0
2025-08-21,Pb98,4909.0
2025-08-20,ONEkodiesel,4537.0
2025-08-20,Pb95,4440.0
2025-08-20,Pb98,4894.0
2025-08-19,Pb95,4443.0
2025-08-19,ONEkodiesel,4520.0
2025-08-19,Pb98,4897.0
2025-08-18,ONEkodiesel,4532.0
2025-08-18,Pb98,4907.0
2025-08-18,Pb95,4450.0
2025-08-17,ONEkodiesel,4532.0
2025-08-17,Pb98,4907.0
2025-08-17,Pb95,4450.0
2025-08-16,Pb98,4907.0
2025-08-16,Pb95,4450.0
2025-08-16,ONEkodiesel,4532.0
2025-08-15,Pb95,4450.0
2025-08-15,ONEkodiesel,4532.0
2025-08-15,Pb98,4907.0
2025-08-14,Pb95,4446.0
2025-08-14,ONEkodiesel,4520.0
2025-08-14,Pb98,4904.0
2025-08-13,Pb98,4920.0
2025-08-13,ONEkodiesel,4581.0
2025-08-13,Pb95,4466.0
2025-08-12,Pb98,4920.0
2025-08-12,ONEkodiesel,4591.0
2025-08-12,Pb95,4465.0
2025-08-11,ONEkodiesel,4594.0
2025-08-11,Pb95,4464.0
2025-08-11,Pb98,4922.0
2025-08-10,Pb98,4922.0
2025-08-10,ONEkodiesel,4594.0
2025-08-10,Pb95,4464.0
2025-08-09,ONEkodiesel,4594.0
2025-08-09,Pb95,4464.0
2025-08-09,Pb98,4922.0
2025-08-08,Pb98,4923.0
2025-08-08,ONEkodiesel,4582.0
2025-08-08,Pb95,4475.0
2025-08-07,ONEkodiesel,4640.0
2025-08-07,Pb95,4499.0
2025-08-07,Pb98,4950.0
2025-08-06,ONEkodiesel,4625.0
2025-08-06,Pb95,4520.0
2025-08-06,Pb98,4963.0
2025-08-05,ONEkodiesel,4691.0
2025-08-05,Pb98,4974.0
2025-08-05,Pb95,4530.0
2025-08-04,Pb98,4994.0
2025-08-04,Pb95,4548.0
2025-08-04,ONEkodiesel,4691.0
2025-08-03,Pb95,4548.0
2025-08-03,ONEkodiesel,4691.0
2025-08-03,Pb98,4994.0
2025-08-02,Pb98,4994.0
2025-08-02,Pb95,4548.0
2025-08-02,ONEkodiesel,4691.0
2025-08-01,ONEkodiesel,4750.0
2025-08-01,Pb98,5009.0
2025-08-01,Pb95,4564.0
2025-07-31,Pb98,5006.0
2025-07-31,Pb95,4565.0
2025-07-31,ONEkodiesel,4741.0
2025-07-30,ONEkodiesel,4737.0
2025-07-30,Pb95,4529.0
2025-07-30,Pb98,4964.0
2025-07-29,Pb95,4457.0
2025-07-29,Pb98,4886.0
2025-07-29,ONEkodiesel,4732.0
2025-07-28,ONEkodiesel,4729.0
2025-07-28,Pb95,4439.0
2025-07-28,Pb98,4857.0
2025-07-27,Pb98,4857.0
2025-07-27,ONEkodiesel,4729.0
2025-07-27,Pb95,4439.0
2025-07-26,ONEkodiesel,4729.0
2025-07-26,Pb98,4857.0
2025-07-26,Pb95,4439.0
2025-07-25,ONEkodiesel,4715.0
2025-07-25,Pb98,4838.0
2025-07-25,Pb95,4434.0
2025-07-24,Pb98,4854.0
2025-07-24,ONEkodiesel,4733.0
2025-07-24,Pb95,4443.0
2025-07-23,Pb95,4471.0
2025-07-23,Pb98,4893.0
2025-07-23,ONEkodiesel,4753.0
2025-07-22,Pb95,4481.0
2025-07-22,Pb98,4909.0
2025-07-22,ONEkodiesel,4790.0
2025-07-21,Pb98,4921.0
2025-07-21,Pb95,4490.0
2025-07-21,ONEkodiesel,4782.0
2025-07-20,Pb98,4921.0
2025-07-20,Pb95,4490.0
2025-07-20,ONEkodiesel,4782.0
2025-07-19,Pb98,4921.0
2025-07-19,Pb95,4490.0
2025-07-19,ONEkodiesel,4782.0
2025-07-18,Pb95,4490.0
2025-07-18,ONEkodiesel,4769.0
2025-07-18,Pb98,4937.0
2025-07-17,Pb98,4918.0
2025-07-17,ONEkodiesel,4754.0
2025-07-17,Pb95,4476.0
2025-07-16,ONEkodiesel,4770.0
2025-07-16,Pb95,4484.0
2025-07-16,Pb98,4901.0
2025-07-15,Pb95,4485.0
2025-07-15,Pb98,4896.0
2025-07-15,ONEkodiesel,4809.0
2025-07-14,ONEkodiesel,4822.0
2025-07-14,Pb98,4894.0
2025-07-14,Pb95,4485.0
2025-07-13,Pb98,4894.0
2025-07-13,ONEkodiesel,4822.0
2025-07-13,Pb95,4485.0
2025-07-12,Pb98,4894.0
2025-07-12,ONEkodiesel,4822.0
2025-07-12,Pb95,4485.0
2025-07-11,ONEkodiesel,4790.0
2025-07-11,Pb95,4488.0
2025-07-11,Pb98,4894.0
2025-07-10,Pb98,4922.0
2025-07-10,ONEkodiesel,4812.0
2025-07-10,Pb95,4515.0
2025-07-09,Pb98,4888.0
2025-07-09,ONEkodiesel,4814.0
2025-07-09,Pb95,4485.0
2025-07-08,Pb95,4463.0
2025-07-08,Pb98,4867.0
2025-07-08,ONEkodiesel,4796.0
2025-07-07,ONEkodiesel,4775.0
2025-07-07,Pb95,4444.0
2025-07-07,Pb98,4841.0
2025-07-06,Pb95,4444.0
2025-07-06,ONEkodiesel,4775.0
2025-07-06,Pb98,4841.0
2025-07-05,Pb98,4841.0
2025-07-05,ONEkodiesel,4775.0
2025-07-05,Pb95,4444.0
2025-07-04,Pb95,4445.0
2025-07-04,Pb98,4841.0
2025-07-04,ONEkodiesel,4737.0
2025-07-03,Pb95,4430.0
2025-07-03,Pb98,4841.0
2025-07-03,ONEkodiesel,4656.0
2025-07-02,Pb95,4401.0
2025-07-02,Pb98,4828.0
2025-07-02,ONEkodiesel,4632.0
2025-07-01,ONEkodiesel,4627.0
2025-07-01,Pb98,4851.0
2025-07-01,Pb95,4415.0
2025-06-30,Pb95,4470.0
2025-06-30,ONEkodiesel,4649.0
2025-06-30,Pb98,4911.0
2025-06-29,Pb98,4911.0
2025-06-29,Pb95,4470.0
2025-06-29,ONEkodiesel,4649.0
2025-06-28,ONEkodiesel,4649.0
2025-06-28,Pb98,4911.0
2025-06-28,Pb95,4470.0
2025-06-27,ONEkodiesel,4668.0
2025-06-27,Pb98,4966.0
2025-06-27,Pb95,4520.0
2025-06-26,Pb95,4570.0
2025-06-26,ONEkodiesel,4743.0
2025-06-26,Pb98,5022.0
2025-06-25,ONEkodiesel,4848.0
2025-06-25,Pb95,4649.0
2025-06-25,Pb98,5132.0
2025-06-24,Pb95,4701.0
2025-06-24,ONEkodiesel,4987.0
2025-06-24,Pb98,5190.0
2025-06-23,Pb95,4700.0
2025-06-23,Pb98,5189.0
2025-06-23,ONEkodiesel,4953.0
2025-06-22,Pb98,5189.0
2025-06-22,Pb95,4700.0
2025-06-22,ONEkodiesel,4892.0
2025-06-21,Pb95,4700.0
2025-06-21,ONEkodiesel,4892.0
2025-06-21,Pb98,5189.0
2025-06-20,ONEkodiesel,4892.0
2025-06-20,Pb98,5125.0
2025-06-20,Pb95,4638.0
2025-06-19,Pb95,4638.0
2025-06-19,ONEkodiesel,4892.0
2025-06-19,Pb98,5125.0
2025-06-18,Pb95,4608.0
2025-06-18,ONEkodiesel,4855.0
2025-06-18,Pb98,5065.0
2025-06-17,Pb95,4576.0
2025-06-17,ONEkodiesel,4714.0
2025-06-17,Pb98,5034.0
2025-06-16,ONEkodiesel,4655.0
2025-06-16,Pb98,5041.0
2025-06-16,Pb95,4579.0
2025-06-15,Pb98,5041.0
2025-06-15,Pb95,4579.0
2025-06-15,ONEkodiesel,4655.0
2025-06-14,Pb98,5041.0
2025-06-14,Pb95,4579.0
2025-06-14,ONEkodiesel,4655.0
2025-06-13,Pb98,4958.0
2025-06-13,Pb95,4509.0
2025-06-13,ONEkodiesel,4561.0
2025-06-12,ONEkodiesel,4552.0
2025-06-12,Pb98,4964.0
2025-06-12,Pb95,4513.0
2025-06-11,Pb95,4505.0
2025-06-11,Pb98,4953.0
2025-06-11,ONEkodiesel,4538.0
2025-06-10,Pb98,4942.0
2025-06-10,Pb95,4496.0
2025-06-10,ONEkodiesel,4528.0
2025-06-09,Pb95,4497.0
2025-06-09,Pb98,4943.0
2025-06-09,ONEkodiesel,4513.0
2025-06-08,Pb98,4943.0
2025-06-08,Pb95,4497.0
2025-06-08,ONEkodiesel,4513.0
2025-06-07,Pb95,4497.0
2025-06-07,ONEkodiesel,4513.0
2025-06-07,Pb98,4943.0
2025-06-06,Pb95,4477.0
2025-06-06,ONEkodiesel,4496.0
2025-06-06,Pb98,4920.0
2025-06-05,ONEkodiesel,4489.0
2025-06-05,Pb95,4478.0
2025-06-05,Pb98,4921.0
2025-06-04,Pb98,4942.0
2025-06-04,ONEkodiesel,4485.0
2025-06-04,Pb95,4490.0
2025-06-03,ONEkodiesel,4474.0
2025-06-03,Pb95,4470.0
2025-06-03,Pb98,4920.0
2025-06-02,Pb98,4916.0
2025-06-02,ONEkodiesel,4470.0
2025-06-02,Pb95,4461.0
2025-06-01,Pb95,4461.0
2025-06-01,Pb98,4916.0
2025-06-01,ONEkodiesel,4470.0
2025-05-31,Pb98,4916.0
2025-05-31,Pb95,4461.0
2025-05-31,ONEkodiesel,4470.0
2025-05-30,Pb95,4466.0
2025-05-30,Pb98,4923.0
2025-05-30,ONEkodiesel,4487.0
2025-05-29,Pb95,4466.0
2025-05-29,Pb98,4921.0
2025-05-29,ONEkodiesel,4488.0
2025-05-28,Pb98,4928.0
2025-05-28,ONEkodiesel,4464.0
2025-05-28,Pb95,4473.0
2025-05-27,Pb95,4488.0
2025-05-27,Pb98,4945.0
2025-05-27,ONEkodiesel,4490.0
2025-05-26,Pb95,4488.0
2025-05-26,Pb98,4945.0
2025-05-26,ONEkodiesel,4490.0
2025-05-25,Pb98,4945.0
2025-05-25,Pb95,4488.0
2025-05-25,ONEkodiesel,4490.0
2025-05-24,Pb98,4945.0
2025-05-24,ONEkodiesel,4490.0
2025-05-24,Pb95,4482.0
2025-05-23,Pb95,4482.0
2025-05-23,Pb98,4941.0
2025-05-23,ONEkodiesel,4478.0
2025-05-22,Pb98,4941.0
2025-05-22,ONEkodiesel,4483.0
2025-05-22,Pb95,4484.0
2025-05-21,Pb98,4940.0
2025-05-21,ONEkodiesel,4497.0
2025-05-21,Pb95,4489.0
2025-05-20,ONEkodiesel,4530.0
2025-05-20,Pb95,4502.0
2025-05-20,Pb98,4956.0
2025-05-19,Pb95,4507.0
2025-05-19,ONEkodiesel,4526.0
2025-05-19,Pb98,4961.0
2025-05-18,Pb95,4507.0
2025-05-18,ONEkodiesel,4526.0
2025-05-18,Pb98,4961.0
2025-05-17,Pb95,4507.0
2025-05-17,ONEkodiesel,4526.0
2025-05-17,Pb98,4961.0
2025-05-16,Pb95,4514.0
2025-05-16,ONEkodiesel,4530.0
2025-05-16,Pb98,4968.0
2025-05-15,Pb95,4532.0
2025-05-15,Pb98,4987.0
2025-05-15,ONEkodiesel,4543.0
2025-05-14,Pb95,4552.0
2025-05-14,ONEkodiesel,4541.0
2025-05-14,Pb98,5013.0
2025-05-13,ONEkodiesel,4487.0
2025-05-13,Pb98,4956.0
2025-05-13,Pb95,4499.0
2025-05-12,ONEkodiesel,4461.0
2025-05-12,Pb98,4894.0
2025-05-12,Pb95,4440.0
2025-05-11,ONEkodiesel,4461.0
2025-05-11,Pb98,4894.0
2025-05-11,Pb95,4440.0
2025-05-10,Pb98,4894.0
2025-05-10,Pb95,4440.0
2025-05-10,ONEkodiesel,4461.0
2025-05-09,Pb95,4422.0
2025-05-09,Pb98,4854.0
2025-05-09,ONEkodiesel,4438.0
2025-05-08,Pb95,4413.0
2025-05-08,Pb98,4850.0
2025-05-08,ONEkodiesel,4425.0
2025-05-07,Pb95,4434.0
2025-05-07,Pb98,4873.0
2025-05-07,ONEkodiesel,4444.0
2025-05-06,Pb98,4896.0
2025-05-06,ONEkodiesel,4506.0
2025-05-06,Pb95,4461.0
2025-05-05,ONEkodiesel,4506.0
2025-05-05,Pb95,4461.0
2025-05-05,Pb98,4896.0
2025-05-04,ONEkodiesel,4506.0
2025-05-04,Pb95,4461.0
2025-05-04,Pb98,4896.0
2025-05-03,ONEkodiesel,4506.0
2025-05-03,Pb95,4461.0
2025-05-03,Pb98,4896.0
2025-05-02,ONEkodiesel,4506.0
2025-05-02,Pb98,4896.0
2025-05-02,Pb95,4461.0
2025-05-01,Pb98,4896.0
2025-05-01,ONEkodiesel,4506.0
2025-05-01,Pb95,4461.0
2025-04-30,Pb98,4911.0
2025-04-30,ONEkodiesel,4524.0
2025-04-30,Pb95,4476.0
2025-04-29,Pb98,4892.0
2025-04-29,ONEkodiesel,4524.0
2025-04-29,Pb95,4471.0
2025-04-28,ONEkodiesel,4532.0
2025-04-28,Pb95,4494.0
2025-04-28,Pb98,4915.0
2025-04-27,Pb95,4494.0
2025-04-27,Pb98,4915.0
2025-04-27,ONEkodiesel,4532.0
2025-04-26,Pb95,4494.0
2025-04-26,Pb98,4915.0
2025-04-26,ONEkodiesel,4532.0
2025-04-25,Pb95,4477.0
2025-04-25,Pb98,4898.0
2025-04-25,ONEkodiesel,4519.0
2025-04-24,Pb98,4891.0
2025-04-24,ONEkodiesel,4520.0
2025-04-24,Pb95,4466.0
2025-04-23,ONEkodiesel,4526.0
2025-04-23,Pb95,4469.0
2025-04-23,Pb98,4894.0
2025-04-22,ONEkodiesel,4536.0
2025-04-22,Pb95,4456.0
2025-04-22,Pb98,4888.0
2025-04-21,ONEkodiesel,4536.0
2025-04-21,Pb95,4456.0
2025-04-21,Pb98,4888.0
2025-04-20,Pb95,4456.0
2025-04-20,Pb98,4888.0
2025-04-20,ONEkodiesel,4536.0
2025-04-19,Pb98,4888.0
2025-04-19,ONEkodiesel,4536.0
2025-04-19,Pb95,4456.0
2025-04-18,Pb98,4888.0
2025-04-18,ONEkodiesel,4536.0
2025-04-18,Pb95,4456.0
2025-04-17,Pb98,4884.0
2025-04-17,ONEkodiesel,4496.0
2025-04-17,Pb95,4452.0
2025-04-16,Pb98,4849.0
2025-04-16,Pb95,4420.0
2025-04-16,ONEkodiesel,4477.0
2025-04-15,Pb95,4425.0
2025-04-15,Pb98,4854.0
2025-04-15,ONEkodiesel,4476.0
2025-04-14,Pb95,4445.0
2025-04-14,Pb98,4877.0
2025-04-14,ONEkodiesel,4474.0
2025-04-13,Pb95,4445.0
2025-04-13,Pb98,4877.0
2025-04-13,ONEkodiesel,4474.0
2025-04-12,Pb98,4877.0
2025-04-12,ONEkodiesel,4474.0
2025-04-12,Pb95,4445.0
2025-04-11,ONEkodiesel,4509.0
2025-04-11,Pb95,4470.0
2025-04-11,Pb98,4906.0
2025-04-10,ONEkodiesel,4504.0
2025-04-10,Pb95,4497.0
2025-04-10,Pb98,4933.0
2025-04-09,ONEkodiesel,4564.0
2025-04-09,Pb95,4568.0
2025-04-09,Pb98,5008.0
2025-04-08,ONEkodiesel,4616.0
2025-04-08,Pb98,5052.0
2025-04-08,Pb95,4611.0
2025-04-07,Pb98,5093.0
2025-04-07,ONEkodiesel,4692.0
2025-04-07,Pb95,4650.0
2025-04-06,Pb98,5093.0
2025-04-06,ONEkodiesel,4692.0
2025-04-06,Pb95,4650.0
2025-04-05,Pb98,5093.0
2025-04-05,ONEkodiesel,4692.0
2025-04-05,Pb95,4650.0
2025-04-04,ONEkodiesel,4731.0
2025-04-04,Pb95,4685.0
2025-04-04,Pb98,5134.0
2025-04-03,Pb95,4732.0
2025-04-03,Pb98,5181.0
2025-04-03,ONEkodiesel,4776.0
2025-04-02,Pb95,4731.0
2025-04-02,Pb98,5178.0
2025-04-02,ONEkodiesel,4770.0
2025-04-01,Pb95,4695.0
2025-04-01,Pb98,5165.0
2025-04-01,ONEkodiesel,4770.0
2025-03-31,Pb95,4695.0
2025-03-31,ONEkodiesel,4755.0
2025-03-31,Pb98,5157.0
2025-03-30,ONEkodiesel,4755.0
2025-03-30,Pb95,4695.0
2025-03-30,Pb98,5157.0
2025-03-29,ONEkodiesel,4755.0
2025-03-29,Pb95,4695.0
2025-03-29,Pb98,5157.0
2025-03-28,ONEkodiesel,4770.0
2025-03-28,Pb95,4701.0
2025-03-28,Pb98,5164.0
2025-03-27,Pb95,4673.0
2025-03-27,Pb98,5160.0
2025-03-27,ONEkodiesel,4759.0
2025-03-26,Pb98,5102.0
2025-03-26,ONEkodiesel,4736.0
2025-03-26,Pb95,4619.0
2025-03-25,Pb98,5094.0
2025-03-25,ONEkodiesel,4737.0
2025-03-25,Pb95,4612.0
2025-03-24,Pb98,5053.0
2025-03-24,ONEkodiesel,4741.0
2025-03-24,Pb95,4570.0
2025-03-23,ONEkodiesel,4741.0
2025-03-23,Pb95,4570.0
2025-03-23,Pb98,5053.0
2025-03-22,Pb95,4570.0
2025-03-22,Pb98,5053.0
2025-03-22,ONEkodiesel,4741.0
2025-03-21,Pb95,4546.0
2025-03-21,Pb98,5045.0
2025-03-21,ONEkodiesel,4706.0
2025-03-20,Pb95,4510.0
2025-03-20,Pb98,5004.0
2025-03-20,ONEkodiesel,4658.0
2025-03-19,Pb98,4981.0
2025-03-19,ONEkodiesel,4658.0
2025-03-19,Pb95,4485.0
2025-03-18,ONEkodiesel,4651.0
2025-03-18,Pb95,4485.0
2025-03-18,Pb98,4976.0
2025-03-17,ONEkodiesel,4654.0
2025-03-17,Pb95,4472.0
2025-03-17,Pb98,4941.0
2025-03-16,ONEkodiesel,4654.0
2025-03-16,Pb95,4472.0
2025-03-16,Pb98,4941.0
2025-03-15,ONEkodiesel,4654.0
2025-03-15,Pb98,4941.0
2025-03-15,Pb95,4472.0
2025-03-14,Pb98,4935.0
2025-03-14,ONEkodiesel,4665.0
2025-03-14,Pb95,4483.0
2025-03-13,Pb98,4944.0
2025-03-13,ONEkodiesel,4703.0
2025-03-13,Pb95,4484.0
2025-03-12,Pb98,4865.0
2025-03-12,ONEkodiesel,4695.0
2025-03-12,Pb95,4425.0
2025-03-11,ONEkodiesel,4692.0
2025-03-11,Pb95,4417.0
2025-03-11,Pb98,4865.0
2025-03-10,Pb95,4459.0
2025-03-10,Pb98,4908.0
2025-03-10,ONEkodiesel,4720.0
2025-03-09,Pb95,4459.0
2025-03-09,Pb98,4908.0
2025-03-09,ONEkodiesel,4720.0
2025-03-08,Pb95,4459.0
2025-03-08,Pb98,4908.0
2025-03-08,ONEkodiesel,4720.0
2025-03-07,Pb98,4950.0
2025-03-07,ONEkodiesel,4712.0
2025-03-07,Pb95,4506.0
2025-03-06,ONEkodiesel,4749.0
2025-03-06,Pb95,4543.0
2025-03-06,Pb98,4982.0
2025-03-05,Pb98,5028.0
2025-03-05,Pb95,4579.0
2025-03-05,ONEkodiesel,4847.0
2025-03-04,Pb95,4607.0
2025-03-04,ONEkodiesel,4884.0
2025-03-04,Pb98,5075.0
2025-03-03,Pb98,5050.0
2025-03-03,Pb95,4608.0
2025-03-03,ONEkodiesel,4891.0
2025-03-02,Pb98,5050.0
2025-03-02,ONEkodiesel,4891.0
2025-03-02,Pb95,4608.0
2025-03-01,Pb98,5050.0
2025-03-01,ONEkodiesel,4891.0
2025-03-01,Pb95,4608.0
2025-02-28,Pb98,5022.0
2025-02-28,ONEkodiesel,4850.0
2025-02-28,Pb95,4614.0
2025-02-27,Pb98,5051.0
2025-02-27,ONEkodiesel,4842.0
2025-02-27,Pb95,4638.0
2025-02-26,ONEkodiesel,4899.0
2025-02-26,Pb95,4665.0
2025-02-26,Pb98,5083.0
2025-02-25,Pb95,4686.0
2025-02-25,ONEkodiesel,4951.0
2025-02-25,Pb98,5108.0
2025-02-24,Pb95,4695.0
2025-02-24,ONEkodiesel,4976.0
2025-02-24,Pb98,5120.0
2025-02-23,Pb95,4695.0
2025-02-23,ONEkodiesel,4976.0
2025-02-23,Pb98,5120.0
2025-02-22,Pb95,4695.0
2025-02-22,Pb98,5120.0
2025-02-22,ONEkodiesel,4976.0
2025-02-21,Pb95,4706.0
2025-02-21,Pb98,5134.0
2025-02-21,ONEkodiesel,5013.0
2025-02-20,Pb95,4709.0
2025-02-20,ONEkodiesel,4960.0
2025-02-20,Pb98,5136.0
2025-02-19,Pb98,5134.0
2025-02-19,ONEkodiesel,4941.0
2025-02-19,Pb95,4711.0
2025-02-18,Pb95,4732.0
2025-02-18,Pb98,5153.0
2025-02-18,ONEkodiesel,4935.0
2025-02-17,ONEkodiesel,4960.0
2025-02-17,Pb95,4752.0
2025-02-17,Pb98,5169.0
2025-02-16,ONEkodiesel,4960.0
2025-02-16,Pb95,4752.0
2025-02-16,Pb98,5169.0
2025-02-15,Pb95,4752.0
2025-02-15,Pb98,5169.0
2025-02-15,ONEkodiesel,4960.0
2025-02-14,Pb95,4764.0
2025-02-14,Pb98,5197.0
2025-02-14,ONEkodiesel,4937.0
2025-02-13,ONEkodiesel,5011.0
2025-02-13,Pb98,5197.0
2025-02-13,Pb95,4781.0
2025-02-12,Pb95,4802.0
2025-02-12,ONEkodiesel,5014.0
2025-02-12,Pb98,5214.0
2025-02-11,ONEkodiesel,4950.0
2025-02-11,Pb95,4797.0
2025-02-11,Pb98,5209.0
2025-02-10,Pb98,5217.0
2025-02-10,ONEkodiesel,4923.0
2025-02-10,Pb95,4777.0
2025-02-09,Pb95,4777.0
2025-02-09,Pb98,5217.0
2025-02-09,ONEkodiesel,4923.0
2025-02-08,Pb95,4777.0
2025-02-08,Pb98,5217.0
2025-02-08,ONEkodiesel,4923.0
2025-02-07,ONEkodiesel,4918.0
2025-02-07,Pb95,4783.0
2025-02-07,Pb98,5214.0
2025-02-06,ONEkodiesel,4915.0
2025-02-06,Pb95,4786.0
2025-02-06,Pb98,5217.0
2025-02-05,ONEkodiesel,4995.0
2025-02-05,Pb98,5243.0
2025-02-05,Pb95,4806.0
2025-02-04,ONEkodiesel,4974.0
2025-02-04,Pb98,5225.0
2025-02-04,Pb95,4788.0
2025-02-03,Pb95,4763.0
2025-02-03,Pb98,5196.0
2025-02-03,ONEkodiesel,4934.0
2025-02-02,Pb98,5196.0
2025-02-02,Pb95,4763.0
2025-02-02,ONEkodiesel,4934.0
2025-02-01,Pb95,4763.0
2025-02-01,Pb98,5196.0
2025-02-01,ONEkodiesel,4934.0
2025-01-31,Pb95,4765.0
2025-01-31,Pb98,5196.0
2025-01-31,ONEkodiesel,4935.0
2025-01-30,Pb95,4764.0
2025-01-30,Pb98,5196.0
2025-01-30,ONEkodiesel,4943.0
2025-01-29,Pb98,5204.0
2025-01-29,ONEkodiesel,4957.0
2025-01-29,Pb95,4758.0
2025-01-28,ONEkodiesel,4987.0
2025-01-28,Pb95,4777.0
2025-01-28,Pb98,5229.0
2025-01-27,ONEkodiesel,5031.0
2025-01-27,Pb95,4800.0
2025-01-27,Pb98,5260.0
2025-01-26,ONEkodiesel,5031.0
2025-01-26,Pb95,4800.0
2025-01-26,Pb98,5260.0
2025-01-25,ONEkodiesel,5031.0
2025-01-25,Pb98,5260.0
2025-01-25,Pb95,4800.0
2025-01-24,Pb98,5283.0
2025-01-24,ONEkodiesel,5070.0
2025-01-24,Pb95,4820.0
2025-01-23,Pb98,5295.0
2025-01-23,ONEkodiesel,5110.0
2025-01-23,Pb95,4830.0
2025-01-22,Pb98,5314.0
2025-01-22,ONEkodiesel,5136.0
2025-01-22,Pb95,4846.0
2025-01-21,ONEkodiesel,5145.0
2025-01-21,Pb95,4851.0
2025-01-21,Pb98,5320.0
2025-01-20,Pb95,4859.0
2025-01-20,Pb98,5324.0
2025-01-20,ONEkodiesel,5153.0
2025-01-19,Pb95,4859.0
2025-01-19,Pb98,5324.0
2025-01-19,ONEkodiesel,5153.0
2025-01-18,Pb95,4859.0
2025-01-18,Pb98,5324.0
2025-01-18,ONEkodiesel,5153.0
2025-01-17,Pb98,5322.0
2025-01-17,ONEkodiesel,5154.0
2025-01-17,Pb95,4853.0
2025-01-16,ONEkodiesel,5159.0
2025-01-16,Pb95,4868.0
2025-01-16,Pb98,5337.0
2025-01-15,ONEkodiesel,5143.0
2025-01-15,Pb95,4867.0
2025-01-15,Pb98,5323.0
2025-01-14,ONEkodiesel,5144.0
2025-01-14,Pb95,4833.0
2025-01-14,Pb98,5271.0
2025-01-13,Pb95,4769.0
2025-01-13,Pb98,5205.0
2025-01-13,ONEkodiesel,5016.0
2025-01-12,Pb98,5205.0
2025-01-12,ONEkodiesel,5016.0
2025-01-12,Pb95,4769.0
2025-01-11,Pb98,5205.0
2025-01-11,ONEkodiesel,5016.0
2025-01-11,Pb95,4769.0
2025-01-10,Pb98,5195.0
2025-01-10,ONEkodiesel,4969.0
2025-01-10,Pb95,4759.0
2025-01-09,Pb98,5180.0
2025-01-09,Pb95,4749.0
2025-01-09,ONEkodiesel,4943.0
2025-01-08,Pb95,4767.0
2025-01-08,Pb98,5203.0
2025-01-08,ONEkodiesel,4960.0
2025-01-07,Pb95,4777.0
2025-01-07,Pb98,5216.0
2025-01-07,ONEkodiesel,4965.0
2025-01-06,Pb95,4777.0
2025-01-06,Pb98,5216.0
2025-01-06,ONEkodiesel,4965.0
2025-01-05,Pb98,5216.0
2025-01-05,ONEkodiesel,4965.0
2025-01-05,Pb95,4777.0
2025-01-04,ONEkodiesel,4965.0
2025-01-04,Pb95,4777.0
2025-01-04,Pb98,5216.0
2025-01-03,ONEkodiesel,4956.0
2025-01-03,Pb95,4746.0
2025-01-03,Pb98,5184.0
2025-01-02,ONEkodiesel,4922.0
2025-01-02,Pb95,4718.0
2025-01-02,Pb98,5154.0
2025-01-01,Pb95,4718.0
2025-01-01,Pb98,5154.0
